"","Yr","SSB","SSB_PER","SB100","SB40","SB35","F40","F35","C_ABC","C_OFL"
"1",2023,245593.8839,0.3675242271589,668476.635,267390.654,233966.82225,0.2931645316,0.3560938448,144833.938,172495.0768
"2",2024,242910.9093,0.363464857217223,668476.635,267390.654,233966.82225,0.2896622584,0.3518252554,140158.6578,166814.3032
