"","Yr","SSB","SSB_PER","SB100","SB40","SB35","F40","F35","C_ABC","C_OFL"
"1",2023,245934.0218,0.363547420647967,679220.887,271688.3548,237727.31045,0.2906482896,0.3525396018,142538.5774,169477.4168
"2",2024,244597.2278,0.360813034786452,679220.887,271688.3548,237727.31045,0.287555741,0.34872151,138417.08,164445.0984
